Month in	Month out	Bitcoin sum	Total Profit
2018-11-27	2018-12	29.0028085200000000	-2910.721863067200000000000000
2018-11-27	2019-01	200.1469217900000000	-44983.388732326800000000000000
2018-11-27	2019-02	100.9239511200000000	-2140.039514032400000000000000
2018-11-27	2019-03	112.8195302000000000	5664.668611342000000000000000
2018-11-27	2019-04	674.4404298800000000	877647.121283263800000000000000
2018-11-27	2019-05	71.9669556700000000	290738.344882021700000000000000
2018-11-27	2019-06	24.0615976700000000	148640.784076393100000000000000
2018-11-27	2019-12	25.9995010000000000	81416.222446560000000000000000
2018-11-27	2020-11	120.0000000000000000	1430158.800000000000000000000000
2018-11-27	2020-12	32.7193314800000000	688746.508360407200000000000000
2018-11-27	2021-01	41.9382497000000000	1343558.510956523000000000000000
2018-11-27	2021-02	31.6478817800000000	1408333.953429567900000000000000
2018-11-27	2021-05	12.9195600000000000	438664.409655600000000000000000
2018-11-27	2021-10	835.8023834500000000	48482915.412285723500000000000000
2018-11-28	2018-12	7526.9610481800000000	-3442278.589964176400000000000000
2018-11-28	2019-01	4546.8304709200000000	-2026834.730500112400000000000000
2018-11-28	2019-02	5447.9740143100000000	-2837458.200927396600000000000000
2018-11-28	2019-03	2305.2877114200000000	-630059.150160969300000000000000
2018-11-28	2019-04	1745.6379106600000000	1752320.100667919200000000000000
2018-11-28	2019-05	936.6896101000000000	2705306.371122614000000000000000
2018-11-28	2019-06	523.5949834400000000	2700227.605563500600000000000000
2018-11-28	2019-07	242.9340175400000000	1627031.137053439200000000000000
2018-11-28	2019-08	1918.0880803200000000	10585836.777148771000000000000000
2018-11-28	2019-09	477.8636331900000000	2505486.525109785400000000000000
2018-11-28	2019-10	133.1864834300000000	474318.961499534400000000000000
2018-11-28	2019-11	137.5273490900000000	612482.174992787700000000000000
2018-11-28	2019-12	82.3034480700000000	267973.386203464100000000000000
2018-11-28	2020-01	1100.8221923100000000	5099696.048554773100000000000000
2018-11-28	2020-03	3491.8323855900000000	6002238.654299766600000000000000
2018-11-28	2020-04	30.0495000000000000	76842.881895000000000000000000
2018-11-28	2020-05	42.0220739900000000	233367.342184004300000000000000
2018-11-28	2020-06	84.9451619000000000	482337.310263896000000000000000
2018-11-28	2020-07	2900.9214043300000000	19820739.388131007900000000000000
2018-11-28	2020-08	102.1423219700000000	784743.275076540100000000000000
2018-11-28	2020-09	695.5255771200000000	4531734.305390723200000000000000
2018-11-28	2020-10	31.6316525900000000	256246.752365486400000000000000
2018-11-28	2020-11	195.5193903900000000	2463828.818168386800000000000000
2018-11-28	2020-12	207.7157368700000000	3630240.560742567600000000000000
2018-11-28	2021-01	90.2612255000000000	3099719.346587048200000000000000
2018-11-28	2021-02	113.2604062900000000	5516792.721688654200000000000000
2018-11-28	2021-03	22.6778008100000000	1296944.304908301100000000000000
2018-11-28	2021-04	63.5356692600000000	3291416.987312885800000000000000
2018-11-28	2021-06	14.2550000000000000	423078.421500000000000000000000
2018-11-28	2021-08	54.6132370600000000	2356232.315890298600000000000000
2018-11-28	2021-10	30.5186000000000000	1740364.059924000000000000000000
2018-11-28	2021-12	50.0000000000000000	2202393.000000000000000000000000
2018-11-28	2022-01	43.1972849000000000	1858111.771195295000000000000000
2018-11-28	2022-03	97.2360661000000000	3385211.410189196000000000000000
2018-11-28	2022-08	10.0526620400000000	200444.954219959600000000000000
2018-11-28	2022-11	45.3790486100000000	564642.879834994100000000000000
2018-11-28	2023-01	41.3713490500000000	720284.702370781500000000000000
2018-11-28	2024-08	13.0492253100000000	745926.472275128100000000000000
2018-11-29	2018-12	1160.6120356400000000	-643264.213939482000000000000000
2018-11-29	2019-01	6418.8378604300000000	-3830351.129486634000000000000000
2018-11-29	2019-02	4201.3258754600000000	-2412885.270475371800000000000000
2018-11-29	2019-03	1227.4865886500000000	-378240.794432479500000000000000
2018-11-29	2019-04	7462.5069734100000000	4081162.628011945900000000000000
2018-11-29	2019-05	1663.6207855700000000	4352617.355604495400000000000000
2018-11-29	2019-06	888.3414958400000000	4531678.826166850100000000000000
2018-11-29	2019-07	132.4452544900000000	892383.041317121000000000000000
2018-11-29	2019-08	329.9990000000000000	1782160.893260000000000000000000
2018-11-29	2019-09	524.3775218700000000	2695287.144219135100000000000000
2018-11-29	2019-10	359.8114320800000000	1458519.206436604800000000000000
2018-11-29	2019-11	254.3912688800000000	898725.938197139200000000000000
2018-11-29	2019-12	40.5671871800000000	130176.858285645600000000000000
2018-11-29	2020-01	362.2098174500000000	1780249.768116115100000000000000
2018-11-29	2020-02	482.4963376100000000	2637071.496163106300000000000000
2018-11-29	2020-03	226.2783316700000000	444669.725885360500000000000000
2018-11-29	2020-04	110.0255006800000000	302452.208960492800000000000000
2018-11-29	2020-05	20.0007983000000000	97978.429106012000000000000000
2018-11-29	2020-06	228.0005077000000000	1223902.165323446000000000000000
2018-11-29	2020-07	79.0427866700000000	396238.019205620300000000000000
2018-11-29	2020-08	36.6932092200000000	274273.735297182000000000000000
2018-11-29	2020-09	53.9869098000000000	340517.933363748000000000000000
2018-11-29	2020-10	85.5027230700000000	639591.596760397600000000000000
2018-11-29	2020-11	125.0000000000000000	1792653.250000000000000000000000
2018-11-29	2020-12	86.1792711900000000	1467668.926195259600000000000000
2018-11-29	2021-01	167.6213977500000000	5383821.408342107600000000000000
2018-11-29	2021-02	52.6341452300000000	2342655.610626729800000000000000
2018-11-29	2021-04	18.0563671800000000	1061148.864763922400000000000000
2018-11-29	2021-07	17.1609959500000000	453374.635903455000000000000000
2018-11-29	2021-10	15.3837625600000000	669535.806239334400000000000000
2018-11-29	2021-11	44.4568656000000000	2369210.999915327800000000000000
2018-11-29	2022-02	12.0000000000000000	410884.320000000000000000000000
2018-11-29	2022-05	75.0000000000000000	1966080.875000000000000000000000
2018-11-29	2022-06	12.5000000000000000	208183.125000000000000000000000
2018-11-29	2022-08	14.0000000000000000	278253.640000000000000000000000
2018-11-29	2022-10	211.8110812200000000	3224999.514771912600000000000000
2018-11-29	2023-07	50.0000000000000000	1280667.500000000000000000000000
2018-11-29	2023-08	129.6798477600000000	2881358.182341952800000000000000
2018-11-29	2024-11	100.0000000000000000	9272995.000000000000000000000000
2018-11-30	2018-12	112.3167120300000000	-52664.007142191800000000000000
2018-11-30	2019-01	33459.247153670000	-24286310.749094786000000000000000
2018-11-30	2019-02	32958.566542640000	-26611570.842181375200000000000000
2018-11-30	2019-03	2788.0331681900000000	-761529.693763782900000000000000
2018-11-30	2019-04	1106.8013645800000000	1261735.554716824800000000000000
2018-11-30	2019-05	1093.0100225200000000	3597382.094472506600000000000000
2018-11-30	2019-06	388.8499082600000000	2432707.529488612900000000000000
2018-11-30	2019-07	46.6133352800000000	287861.250243353600000000000000
2018-11-30	2019-08	193.8088824100000000	1161522.679908480600000000000000
2018-11-30	2019-09	687.9831084000000000	4034921.841367087600000000000000
2018-11-30	2019-10	28.5756897200000000	113134.218750412000000000000000
2018-11-30	2019-11	2293.6003410000000000	6160727.304660641000000000000000
2018-11-30	2019-12	74.8320953500000000	237312.089500073000000000000000
2018-11-30	2020-01	62.0000000000000000	239286.520000000000000000000000
2018-11-30	2020-03	45.4097600000000000	119070.427008000000000000000000
2018-11-30	2020-04	10.4024630600000000	26576.004576426800000000000000
2018-11-30	2020-05	105.6662243100000000	587678.120268502500000000000000
2018-11-30	2020-06	8022.0000000000000000	43886216.345532315000000000000000
2018-11-30	2020-07	8011.7838502000000000	43106333.926480800000000000000000
2018-11-30	2020-08	8014.9980000000000000	66695683.879000000000000000000000
2018-11-30	2020-09	8000.0000000000000000	53356458.400192475800000000000000
2018-11-30	2020-10	209.3297029500000000	1978545.818716627000000000000000
2018-11-30	2020-11	160.2486792000000000	2361083.580117544000000000000000
2018-11-30	2020-12	23825.715797700000	423184493.613581668400000000000000
2018-11-30	2021-01	37288.362095310000	986406044.020788942900000000000000
2018-11-30	2021-02	53.1292963400000000	2167158.034437642800000000000000
2018-11-30	2021-04	15.0652426100000000	852927.146901011600000000000000
2018-11-30	2021-05	22.8084021200000000	1039266.594021278800000000000000
2018-11-30	2021-06	30.0000000000000000	864838.800000000000000000000000
2018-11-30	2021-08	19.3134946000000000	865657.673729494000000000000000
2018-11-30	2021-09	13.2090000000000000	506833.688970000000000000000000
2018-11-30	2021-10	209.1419020600000000	11976796.939648860400000000000000
2018-11-30	2022-03	10.9307450600000000	381960.020308418400000000000000
2018-11-30	2022-04	20.0008510400000000	837170.421760009600000000000000
2018-11-30	2022-05	150.0000000000000000	3957742.625000000000000000000000
2018-11-30	2022-06	22.9995000000000000	385701.844995000000000000000000
2018-11-30	2022-11	84.9998978500000000	1091579.738176420500000000000000
2018-11-30	2023-02	44.0000000000000000	901012.640000000000000000000000
2018-11-30	2023-07	15.9998000000000000	417605.179870000000000000000000
2018-11-30	2023-09	47.8866379400000000	1042061.128212340000000000000000
2018-11-30	2024-08	50.0000000000000000	2830146.500000000000000000000000
2018-11-30	2024-10	22.6236350400000000	1271148.299847369600000000000000
2018-12-01	2018-12	20.9770000000000000	-9795.519530000000000000000000
2018-12-01	2019-01	3524.8754194200000000	-1594492.464916692000000000000000
2018-12-01	2019-02	1627.9464824200000000	-645823.713343540200000000000000
2018-12-01	2019-03	844.1092724500000000	-222365.922031749700000000000000
2018-12-01	2019-04	996.7152235700000000	916975.652667405900000000000000
2018-12-01	2019-05	194.0286893300000000	516431.948068079500000000000000
2018-12-01	2019-06	307.8662479100000000	1996108.166824554900000000000000
2018-12-01	2019-07	751.5483591700000000	4980939.380356260200000000000000
2018-12-01	2019-09	403.5562268500000000	2137670.191972291100000000000000
2018-12-01	2019-10	23.6889657300000000	96025.591483128000000000000000
2018-12-01	2019-11	183.5744360700000000	739704.824217354100000000000000
2018-12-01	2019-12	20.2463631400000000	57499.873781231400000000000000
2018-12-01	2020-01	44.3704602100000000	197179.526261968100000000000000
2018-12-01	2020-02	300.4217737500000000	1714457.788268609700000000000000
2018-12-01	2020-03	73.4985000000000000	292595.841350000000000000000000
2018-12-01	2020-04	11.5486221400000000	47225.896003323400000000000000
2018-12-01	2020-07	30.4541380700000000	153244.704575821800000000000000
2018-12-01	2020-08	103.9455819400000000	764738.757163016400000000000000
2018-12-01	2020-09	89.9996000000000000	597710.413536000000000000000000
2018-12-01	2020-11	32.4995000000000000	464829.496385000000000000000000
2018-12-01	2020-12	200.0000000000000000	3872930.000000000000000000000000
2018-12-01	2021-01	10730.9275058400000000	299539271.929213408000000000000000
2018-12-01	2021-02	24019.299218330000	984805766.171751713600000000000000
2018-12-01	2021-03	22511.834548150000	1003319382.519497897900000000000000
2018-12-01	2021-04	12.3795000000000000	724449.454155000000000000000000
2018-12-01	2021-05	100.0000000000000000	3288717.000000000000000000000000
2018-12-01	2021-09	50.0000000000000000	2009172.000000000000000000000000
2018-12-01	2021-12	99.9996000000000000	4369158.523296000000000000000000
2018-12-01	2022-03	24.0000000000000000	893676.240000000000000000000000
2018-12-01	2022-05	25.0000000000000000	616922.250000000000000000000000
2018-12-01	2023-06	10.0714623100000000	224399.431719663200000000000000
2018-12-01	2024-03	14.8618941200000000	988903.895511387200000000000000
2018-12-01	2024-11	17.0000000000000000	1213666.550000000000000000000000
2018-12-02	2019-01	1667.3807604200000000	-882267.488380093800000000000000
2018-12-02	2019-02	881.0163243400000000	-437827.639409865000000000000000
2018-12-02	2019-03	354.7325890900000000	-81097.976273728100000000000000
2018-12-02	2019-04	293.3433360400000000	247466.089207829200000000000000
2018-12-02	2019-05	5420.2293971200000000	19952392.453278048000000000000000
2018-12-02	2019-06	399.8831967700000000	2479372.095135632000000000000000
2018-12-02	2019-07	477.9906862100000000	3104628.649683179600000000000000
2018-12-02	2019-08	31.9427977800000000	200810.155605356400000000000000
2018-12-02	2019-09	1722.4955784900000000	9841508.034992067700000000000000
2018-12-02	2019-10	21.6616339600000000	95826.221874286000000000000000
2018-12-02	2019-11	51.3600000000000000	231221.480800000000000000000000
2018-12-02	2019-12	18.2243300000000000	58451.258095600000000000000000
2018-12-02	2020-01	44.9082161800000000	213240.826462626600000000000000
2018-12-02	2020-03	112.8250375300000000	290286.623817610700000000000000
2018-12-02	2020-08	10.9999348700000000	82511.501454008300000000000000
2018-12-02	2020-10	99.1569218900000000	873549.599934129100000000000000
2018-12-02	2020-12	51.4573806400000000	935874.766297355200000000000000
2018-12-02	2021-02	23.6867000000000000	1016517.809771000000000000000000
2018-12-02	2021-03	297.0935071000000000	14021771.196516065100000000000000
2018-12-02	2021-04	89.4567465500000000	4517310.553260118200000000000000
2018-12-02	2021-05	268.8112647800000000	13371064.436322643000000000000000
2018-12-02	2021-07	12.9997680500000000	359575.924221249000000000000000
2018-12-02	2022-03	10.6420448600000000	407467.402519867000000000000000
2018-12-02	2022-12	17.2769516500000000	218415.913837366000000000000000
2018-12-03	2019-01	9729.3521695300000000	-3804658.487182065000000000000000
2018-12-03	2019-02	2222.2556285200000000	-864020.389844603800000000000000
2018-12-03	2019-03	895.5986107000000000	7573.915239523900000000000000
2018-12-03	2019-04	1903.2703678300000000	2130035.513920266200000000000000
2018-12-03	2019-05	1195.9242283000000000	3994153.007319461200000000000000
2018-12-03	2019-06	1037.2453798800000000	6584488.638567991200000000000000
2018-12-03	2019-07	209.4482054200000000	1437986.595271074900000000000000
2018-12-03	2019-08	759.3371910700000000	5010644.804621155891167400000000
2018-12-03	2019-09	159.5021328300000000	732853.946959337700000000000000
2018-12-03	2019-10	134.9883966500000000	631874.896108594300000000000000
2018-12-03	2019-11	137.7417685300000000	660476.509045529394762200000000
2018-12-03	2019-12	379.7924528100000000	1251836.942004284800000000000000
2018-12-03	2020-01	210.6624137600000000	943378.609875807400000000000000
2018-12-03	2020-02	96.7160000000000000	559986.607160000000000000000000
2018-12-03	2020-03	1383.2808736200000000	3789580.950134407200000000000000
2018-12-03	2020-04	11.0000000000000000	40078.170000000000000000000000
2018-12-03	2020-06	10.0000000000000000	58740.300000000000000000000000
2018-12-03	2020-07	10.0897171600000000	52755.498731462400000000000000
2018-12-03	2020-08	305.0285202900000000	2356146.151457408400000000000000
2018-12-03	2020-10	48.6138163800000000	463098.793131318200000000000000
2018-12-03	2020-11	35.7878680600000000	452549.656345448800000000000000
2018-12-03	2020-12	500.0000000000000000	11183300.000000000000000000000000
2018-12-03	2021-01	614.7758627800000000	18814189.752198907300000000000000
2018-12-03	2021-02	45.1578099500000000	1568787.736600194000000000000000
2018-12-03	2021-03	17233.7582641400000000	846480659.935043819200000000000000
2018-12-03	2021-04	33233.354163190000	1808504671.595254572800000000000000
2018-12-03	2021-05	16011.4369698800000000	784010421.008380399200000000000000
2018-12-03	2021-06	10.1999561900000000	303431.560726100800000000000000
2018-12-03	2021-07	24038.899436560000	858948369.581609591400000000000000
2018-12-03	2021-08	2343.0492763000000000	103600496.357052547000000000000000
2018-12-03	2021-12	33.2021490500000000	1429759.574949853000000000000000
2018-12-03	2022-03	19.9688000300000000	746342.288017262600000000000000
2018-12-03	2022-10	13.7945204200000000	210261.046268991200000000000000
2018-12-03	2022-11	600.0000000000000000	10351428.000000000000000000000000
2018-12-03	2023-06	41.2925846100000000	934113.829308036300000000000000
2018-12-04	2019-01	6128.9463212700000000	-1923596.193061385000000000000000
2018-12-04	2019-02	2055.6001850700000000	-402957.345121514000000000000000
2018-12-04	2019-03	1758.8095942900000000	-17099.780645103200000000000000
2018-12-04	2019-04	1387.9708348900000000	1691128.761158843700000000000000
2018-12-04	2019-05	1058.9939373700000000	3178298.634885666600000000000000
2018-12-04	2019-06	780.2688076200000000	4448829.752292002800000000000000
2018-12-04	2019-07	127.0244399200000000	910934.814809053600000000000000
2018-12-04	2019-08	103.2849466900000000	675486.172578873500000000000000
2018-12-04	2019-09	120.2348303700000000	584128.181141363200000000000000
2018-12-04	2019-10	11.3521412200000000	47054.398314075600000000000000
2018-12-04	2019-11	484.6115518200000000	1944391.176145223100000000000000
2018-12-04	2019-12	38.3323000000000000	125175.275619000000000000000000
2018-12-04	2020-01	10.0000000000000000	54066.100000000000000000000000
2018-12-04	2020-02	107.2047396000000000	619068.481158180000000000000000
2018-12-04	2020-03	2009.4851504200000000	5481643.534679732000000000000000
2018-12-04	2020-04	124.9995000000000000	578712.685140000000000000000000
2018-12-04	2020-05	17.3527010000000000	95770.945035080000000000000000
2018-12-04	2020-06	56.1234149500000000	309293.333618702500000000000000
2018-12-04	2020-07	619.4649769200000000	4287137.190872864800000000000000
2018-12-04	2020-09	330.0000000000000000	2548980.950000000000000000000000
2018-12-04	2020-10	170.6656259800000000	1194515.531234179800000000000000
2018-12-04	2020-11	45.6819518600000000	584728.904559225000000000000000
2018-12-04	2020-12	2057.9689431100000000	48259330.556550637800000000000000
2018-12-04	2021-01	90.9467851500000000	3190979.821533484500000000000000
2018-12-04	2021-02	38.1471039800000000	1530969.168160534000000000000000
2018-12-04	2021-03	34.2985000000000000	1699832.855295000000000000000000
2018-12-04	2021-04	10.2156256900000000	603714.261589526600000000000000
2018-12-04	2021-06	27.8295077900000000	889111.032692124700000000000000
2018-12-04	2021-07	53.8968713200000000	1486606.680402907600000000000000
2018-12-04	2021-08	21656.950723700000	957222210.619659027000000000000000
2018-12-04	2021-11	16000.0000000000000000	921479248.842225459200000000000000
2018-12-04	2021-12	8000.0000000000000000	344965570.000000000000000000000000
2018-12-04	2022-03	23985.286918200000	850427020.484656849400000000000000
2018-12-04	2022-04	24000.000000000000	864730528.000000000000000000000000
2018-12-04	2022-05	32028.399938580000	819864782.376312187900000000000000
2018-12-04	2022-06	40000.000000000000	679033132.000000000000000000000000
2018-12-04	2022-10	31993.899338100000	502176500.356515250000000000000000
2018-12-04	2022-11	32000.000000000000	399543476.000000000000000000000000
2018-12-04	2022-12	15.9614311700000000	204943.499308306400000000000000
2018-12-04	2023-03	53.8174164000000000	1239048.603086316000000000000000
2018-12-04	2023-05	16149.5633917700000000	379163933.383291658500000000000000
2018-12-04	2023-07	16000.0000000000000000	423947987.783073789800000000000000
2018-12-04	2023-09	53.6510018800000000	1164124.803892428000000000000000
2018-12-04	2023-12	24000.000000000000	931569296.000000000000000000000000
2018-12-04	2024-02	2027.0684734800000000	97490524.594716460400000000000000
2018-12-04	2024-03	13.4546990000000000	915798.258391690000000000000000
2018-12-05	2019-01	4292.7765269400000000	-560331.501046725600000000000000
2018-12-05	2019-02	944.7504008300000000	-173680.067799822700000000000000
2018-12-05	2019-03	856.5212963100000000	77968.208098037500000000000000
2018-12-05	2019-04	3209.4705212900000000	3961269.042700554900000000000000
2018-12-05	2019-05	471.4643197600000000	1430763.043771956200000000000000
2018-12-05	2019-06	201.4514829800000000	1240973.758903166400000000000000
2018-12-05	2019-07	637.4712744300000000	4656147.458967030100000000000000
2018-12-05	2019-08	90.7085619200000000	642546.841103323700000000000000
2018-12-05	2019-09	409.6926049000000000	2243317.037866993200000000000000
2018-12-05	2019-10	136.8236463900000000	527851.095427023900000000000000
2018-12-05	2019-11	777.2104701000000000	3225767.060615791700000000000000
2018-12-05	2020-01	47.0000000000000000	189941.440000000000000000000000
2018-12-05	2020-02	399.8528341000000000	2347630.914767125000000000000000
2018-12-05	2020-03	50.0000000000000000	77687.000000000000000000000000
2018-12-05	2020-05	127.4445613500000000	749847.949129945500000000000000
2018-12-05	2020-06	26.6229092400000000	157511.780227536000000000000000
2018-12-05	2020-07	68.2869347300000000	367734.680824875700000000000000
2018-12-05	2020-08	153.5912152100000000	1123869.358666799600000000000000
2018-12-05	2020-09	293.4387415900000000	1943705.527543190500000000000000
2018-12-05	2020-10	33.0000000000000000	275230.890000000000000000000000
2018-12-05	2020-11	22.1990810200000000	319730.922032147800000000000000
2018-12-05	2020-12	96.8996167900000000	1952048.429913876200000000000000
2018-12-05	2021-01	100.0000000000000000	3011578.000000000000000000000000
2018-12-05	2021-03	1227.5800000000000000	57303323.917800000000000000000000
2018-12-05	2021-08	17.1886889500000000	763272.499056114500000000000000
2018-12-05	2021-12	43.1845370300000000	1926175.883427791100000000000000
2018-12-05	2022-03	12.0038620000000000	531315.900152960000000000000000
2018-12-05	2022-10	504.3840894300000000	7866792.897544506900000000000000
2018-12-05	2022-12	70.0577677700000000	909136.149462901500000000000000
2018-12-05	2023-02	15.0000000000000000	313677.600000000000000000000000
2018-12-05	2024-02	13972.9315265200000000	672694618.805789746400000000000000
2018-12-05	2024-03	79803.954799530000	4978550840.520463094800000000000000
2018-12-05	2024-04	24000.000000000000	1516635240.768749952000000000000000
2018-12-05	2024-05	16000.0000000000000000	927477010.000000000000000000000000
2018-12-05	2024-06	15600.0000000000000000	988926168.813135437800000000000000
2018-12-05	2024-07	11800.0000000000000000	733359020.000000000000000000000000
2018-12-05	2024-08	6465.5196578800000000	357734186.225341117600000000000000
2018-12-06	2019-01	4925.3575895800000000	-350007.392126940100000000000000
2018-12-06	2019-02	1629.7330541000000000	-124733.441026481500000000000000
2018-12-06	2019-03	1043.2981565500000000	186037.925305354600000000000000
2018-12-06	2019-04	8321.4717431300000000	8288669.264437646800000000000000
2018-12-06	2019-05	2503.5208389600000000	9015461.113936811000000000000000
2018-12-06	2019-06	8688.8065942200000000	46228642.749736827400000000000000
2018-12-06	2019-07	796.1086960600000000	6004826.025645159400000000000000
2018-12-06	2019-08	1201.0295084400000000	8601971.261876235600000000000000
2018-12-06	2019-09	297.7087579700000000	1619778.372005713800000000000000
2018-12-06	2019-10	77.5733973700000000	322033.595494983400000000000000
2018-12-06	2019-11	226.9877690500000000	1151399.585113880800000000000000
2018-12-06	2019-12	12.0000000000000000	41061.360000000000000000000000
2018-12-06	2020-01	1827.2921233100000000	8744981.209549790600000000000000
2018-12-06	2020-02	98.9999520000000000	483255.395694240000000000000000
2018-12-06	2020-03	696.0612988600000000	1859558.820212614000000000000000
2018-12-06	2020-04	12.9300000000000000	45711.041100000000000000000000
2018-12-06	2020-05	138.2899149100000000	787011.693637225800000000000000
2018-12-06	2020-06	220.1086596800000000	1184616.047741358400000000000000
2018-12-06	2020-07	382.8653274500000000	2806614.511434347500000000000000
2018-12-06	2020-08	153.7583341100000000	1262644.483267014000000000000000
2018-12-06	2020-09	10.0000000000000000	72164.300000000000000000000000
2018-12-06	2020-12	47.8842271600000000	878073.789447108000000000000000
2018-12-06	2021-01	177.9030349600000000	4801433.373663831300000000000000
2018-12-06	2021-02	114.9990772800000000	4030869.329543856000000000000000
2018-12-06	2021-03	126.8096877900000000	6533316.080760864300000000000000
2018-12-06	2021-04	42.2496027500000000	2074200.163678085000000000000000
2018-12-06	2021-05	71.4390410000000000	2826067.336970570000000000000000
2018-12-06	2021-07	20.4053800000000000	550086.805663400000000000000000
2018-12-06	2022-01	50.0000000000000000	1901922.000000000000000000000000
2018-12-06	2022-02	10.0000000000000000	352233.300000000000000000000000
2018-12-06	2022-11	66.0139842700000000	864255.082062840000000000000000
2018-12-06	2022-12	24.4955476800000000	325773.637260624000000000000000
2018-12-06	2023-01	181.3252795300000000	3421414.660109609400000000000000
2018-12-06	2023-06	30.1000000000000000	701140.069000000000000000000000
2018-12-06	2024-05	39.4654478500000000	2182308.635472616500000000000000
2018-12-06	2024-06	400.0000000000000000	25362372.000000000000000000000000
2018-12-06	2024-07	4239.9990000000000000	263463734.555370000000000000000000
2018-12-06	2024-08	9534.4803421200000000	527264920.038930260400000000000000
2018-12-06	2024-09	20.0000000000000000	1236297.000000000000000000000000
2018-12-06	2024-11	40000.000000000000	3548306130.210291682000000000000000
2018-12-06	2024-12	56000.000000000000	5289794900.025050651200000000000000
2018-12-07	2019-01	14475.7582497800000000	3554110.710097382400000000000000
2018-12-07	2019-02	2553.4300187800000000	659013.500869006800000000000000
2018-12-07	2019-03	1265.2315529200000000	660004.462840991000000000000000
2018-12-07	2019-04	2979.5611234100000000	5005481.459223203200000000000000
2018-12-07	2019-05	1871.9897456200000000	6534092.969766978900000000000000
2018-12-07	2019-06	1890.3982607900000000	9773137.370447634700000000000000
2018-12-07	2019-07	593.9803772700000000	4429718.381087903100000000000000
2018-12-07	2019-08	125.4818934900000000	1037393.665929595000000000000000
2018-12-07	2019-09	2374.1164704100000000	15729893.082295437800000000000000
2018-12-07	2019-10	249.7279144800000000	1244960.704953723000000000000000
2018-12-07	2019-11	199.9990000000000000	739302.303470000000000000000000
2018-12-07	2019-12	31.2664976800000000	122722.566718884000000000000000
2018-12-07	2020-01	67.2087300000000000	394211.187358200000000000000000
2018-12-07	2020-02	142.6714980400000000	959435.218188816800000000000000
2018-12-07	2020-03	848.1437549300000000	1573185.871405756300000000000000
2018-12-07	2020-05	63.5326520900000000	372349.791559908600000000000000
2018-12-07	2020-07	64.0459383000000000	369880.047604462000000000000000
2018-12-07	2020-08	20.0000000000000000	177168.800000000000000000000000
2018-12-07	2020-09	21.1698469900000000	161411.403661484100000000000000
2018-12-07	2020-10	28.9000000000000000	206467.958000000000000000000000
2018-12-07	2020-11	748.9077293400000000	10051119.111060149600000000000000
2018-12-07	2020-12	58.7350410000000000	1025976.107172140000000000000000
2018-12-07	2021-01	62.2918550100000000	1928462.242604309600000000000000
2018-12-07	2021-02	407.2072189600000000	17385459.232436551000000000000000
2018-12-07	2021-03	50.0205181600000000	2215667.355385287200000000000000
2018-12-07	2021-04	62.4195000000000000	3514638.308735000000000000000000
2018-12-07	2021-05	441.0896026600000000	15576110.270809069400000000000000
2018-12-07	2021-06	37.4174126400000000	1244894.156840782400000000000000
2018-12-07	2022-01	281.3364430100000000	10295444.696059085500000000000000
2018-12-07	2022-04	90.5905665800000000	3235855.178388304800000000000000
2018-12-07	2022-06	24.5418380200000000	521008.654619824800000000000000
2018-12-07	2022-09	20.1624813600000000	332730.945393772800000000000000
2018-12-07	2023-02	15.1189000000000000	322517.433123000000000000000000
2018-12-07	2023-05	10.0000000000000000	234560.900000000000000000000000
2018-12-08	2019-01	7026.4086012700000000	1502857.943063744900000000000000
2018-12-08	2019-02	1465.0419146400000000	410836.168479458300000000000000
2018-12-08	2019-03	2322.3852260500000000	1327239.595944722800000000000000
2018-12-08	2019-04	6944.4347858700000000	9203093.711639556800000000000000
2018-12-08	2019-05	641.0936254900000000	2268844.237806896400000000000000
2018-12-08	2019-06	865.3136206200000000	5209984.576894371100000000000000
2018-12-08	2019-07	410.1509493000000000	2971705.198459532900000000000000
2018-12-08	2019-08	313.8610516300000000	2447334.861000145900000000000000
2018-12-08	2019-09	98.6792094200000000	596992.548368029600000000000000
2018-12-08	2019-10	100.0000000000000000	498930.000000000000000000000000
2018-12-08	2019-11	315.5987671000000000	1300301.107303861000000000000000
2018-12-08	2019-12	76.9720972400000000	292514.210137344000000000000000
2018-12-08	2020-01	94.6385804200000000	399678.378663708600000000000000
2018-12-08	2020-03	116.7067191800000000	531397.170287201800000000000000
2018-12-08	2020-07	48.9999560800000000	288507.468475430400000000000000
2018-12-08	2020-08	89.9994877200000000	744471.262445454000000000000000
2018-12-08	2020-09	150.0450000000000000	1068930.531550000000000000000000
2018-12-08	2020-10	389.8394481700000000	3641378.226466732300000000000000
2018-12-08	2020-11	94.7969094400000000	1194363.400072009600000000000000
2018-12-08	2021-01	20.0000000000000000	593030.400000000000000000000000
2018-12-08	2021-02	61.2863711000000000	2755917.241867483000000000000000
2018-12-08	2021-04	12.0507681600000000	720842.124611217600000000000000
2018-12-08	2021-05	10.0000000000000000	347588.200000000000000000000000
2018-12-08	2021-07	10.0000000000000000	302876.200000000000000000000000
2018-12-08	2021-08	23.5425180000000000	1012450.137399620000000000000000
2018-12-08	2021-09	136.4297221400000000	5783931.924671561000000000000000
2018-12-08	2021-12	17.9999031400000000	837834.471495355400000000000000
2018-12-08	2022-01	10.8055144800000000	419283.460878530400000000000000
2018-12-08	2022-02	10.0000000000000000	407475.700000000000000000000000
2018-12-08	2022-08	24.3070867000000000	443956.219312396000000000000000
2018-12-08	2023-03	30.3541715600000000	724028.644427496400000000000000
2018-12-08	2023-07	19.9999000000000000	533511.532429000000000000000000
2018-12-08	2024-08	20.0000000000000000	938166.000000000000000000000000
2018-12-09	2019-01	2967.6985011400000000	475193.754981133300000000000000
2018-12-09	2019-02	4400.1512281200000000	136828.784244807500000000000000
2018-12-09	2019-03	715.4984120800000000	323366.428760653100000000000000
2018-12-09	2019-04	813.6997749500000000	1390153.804081602500000000000000
2018-12-09	2019-05	657.2463177400000000	2291383.943734236300000000000000
2018-12-09	2019-06	283.2926552100000000	1961379.468611358100000000000000
2018-12-09	2019-07	198.4077548900000000	1345513.795069295600000000000000
2018-12-09	2019-08	420.1141099000000000	3412217.565110938100000000000000
2018-12-09	2019-09	366.1997615800000000	2040841.633016160700000000000000
2018-12-09	2019-10	15.9999406000000000	71769.973552984000000000000000
2018-12-09	2019-11	20.0000000000000000	118060.400000000000000000000000
2018-12-09	2020-01	299.6008075900000000	1412716.269255462900000000000000
2018-12-09	2020-04	13.2968420400000000	55086.689076993600000000000000
2018-12-09	2020-05	56.2498824800000000	325679.114683607200000000000000
2018-12-09	2020-06	10.5159000000000000	60004.776990000000000000000000
2018-12-09	2020-07	20.0997384600000000	153753.552341923800000000000000
2018-12-09	2020-10	95.0363379700000000	908927.829773721200000000000000
2018-12-09	2020-11	46.3626981200000000	564551.025379933200000000000000
2018-12-09	2021-01	77.6948813800000000	2541432.387376020300000000000000
2018-12-09	2021-02	100.2444736700000000	3852586.398398352400000000000000
2018-12-09	2021-05	25.0751353800000000	1390010.290379197800000000000000
2018-12-09	2021-06	10.0000000000000000	355958.700000000000000000000000
2018-12-09	2021-08	48.5800000000000000	2084563.427800000000000000000000
2018-12-09	2021-10	12.0000000000000000	683056.560000000000000000000000
2018-12-09	2024-03	79.7000000000000000	4989380.044500000000000000000000
2018-12-10	2019-01	7339.1908130300000000	490480.475470768400000000000000
2018-12-10	2019-02	3333.9013993300000000	295484.179529472000000000000000
2018-12-10	2019-03	2680.8546407400000000	1191547.609185892800000000000000
2018-12-10	2019-04	1475.2359983200000000	2619946.688043618400000000000000
2018-12-10	2019-05	897.0579360200000000	2513146.837627674500000000000000
2018-12-10	2019-06	278.0777317400000000	1567729.422287460200000000000000
2018-12-10	2019-07	2301.1368293500000000	15307020.741978679800000000000000
2018-12-10	2019-08	620.8785170100000000	4705807.307630476500000000000000
2018-12-10	2019-09	178.8981311600000000	1003213.138737079600000000000000
2018-12-10	2019-10	491.9640662500000000	2323254.215293750000000000000000
2018-12-10	2019-11	317.2342728800000000	1417225.320488952000000000000000
2018-12-10	2020-01	44.0523376900000000	227276.122996889000000000000000
2018-12-10	2020-02	26.5366999800000000	170497.235903500800000000000000
2018-12-10	2020-03	51.6723790500000000	140548.049949092500000000000000
2018-12-10	2020-04	18.9999893200000000	67087.062289988000000000000000
2018-12-10	2020-05	55.0000000000000000	320954.150000000000000000000000
2018-12-10	2020-06	109.1918693800000000	642039.087647355000000000000000
2018-12-10	2020-07	119.7800008700000000	786246.663412749400000000000000
2018-12-10	2020-08	261.4405632900000000	2182477.063882958100000000000000
2018-12-10	2020-10	57.0150291500000000	543309.081331841100000000000000
2018-12-10	2020-11	57.8296376000000000	770927.683534122600000000000000
2018-12-10	2020-12	310.1134252900000000	5275292.216804559200000000000000
2018-12-10	2021-01	85.0015826100000000	2915556.344834350000000000000000
2018-12-10	2021-02	65.1385738000000000	2529214.055201022000000000000000
2018-12-10	2021-09	24.5610426000000000	1016556.495044866000000000000000
2018-12-10	2021-10	117.3029223600000000	6362634.792673834000000000000000
2018-12-10	2022-04	10.0000000000000000	390348.600000000000000000000000
2018-12-10	2022-05	13.8145578000000000	440484.773459790000000000000000
2018-12-10	2022-10	89.9265211500000000	1498467.204287526000000000000000
2018-12-10	2022-11	10.0000000000000000	148083.100000000000000000000000
2018-12-10	2022-12	123.0000000000000000	1731580.380000000000000000000000
2018-12-10	2023-04	10.0000000000000000	248791.000000000000000000000000
2018-12-10	2023-06	200.0000000000000000	4288812.000000000000000000000000
2018-12-10	2023-11	29.3816000000000000	973678.017664000000000000000000
2018-12-10	2024-11	46.4370000000000000	4365816.812670000000000000000000
2018-12-11	2019-01	3759.4271651900000000	481526.245976438800000000000000
2018-12-11	2019-02	4217.5575918900000000	819688.689602491800000000000000
2018-12-11	2019-03	1661.2813966000000000	982955.354904163600000000000000
2018-12-11	2019-04	24122.951513960000	32233116.519120345900000000000000
2018-12-11	2019-05	2535.2620755900000000	10633330.787747480600000000000000
2018-12-11	2019-06	243.8722690100000000	1700751.564048185100000000000000
2018-12-11	2019-07	13636.1805416600000000	94209386.076415323000000000000000
2018-12-11	2019-08	578.0700728400000000	4448801.687981432400000000000000
2018-12-11	2019-09	529.0235400400000000	3390753.285360343600000000000000
2018-12-11	2019-10	663.0260689300000000	3095298.375639045900000000000000
2018-12-11	2019-11	128.8438072600000000	555561.281018095100000000000000
2018-12-11	2019-12	250.2638195000000000	961554.363093240400000000000000
2018-12-11	2020-01	389.7986240400000000	1766656.923730365200000000000000
2018-12-11	2020-02	1478.3582899900000000	9834330.954485933800000000000000
2018-12-11	2020-03	152.7183745500000000	414823.178367165200000000000000
2018-12-11	2020-04	10.1715224100000000	35327.528203963800000000000000
2018-12-11	2020-05	10.7547410000000000	65726.416599990000000000000000
2018-12-11	2020-06	32.7014182100000000	191875.571347175000000000000000
2018-12-11	2020-07	1026.3770093200000000	6001784.222923032400000000000000
2018-12-11	2020-08	107.4455703100000000	883212.929226426200000000000000
2018-12-11	2020-09	19.9948995700000000	137616.095984499200000000000000
2018-12-11	2020-11	198.2834571200000000	2800832.623718148000000000000000
2018-12-11	2021-01	556.8260245200000000	16740332.498018497200000000000000
2018-12-11	2021-02	23.5016494800000000	784275.818104153000000000000000
2018-12-11	2021-07	11.7819976900000000	337503.099948525400000000000000
2018-12-11	2021-10	14.6711170000000000	815685.056388340000000000000000
2018-12-11	2021-11	10.1110320500000000	546918.160153921500000000000000
2018-12-11	2022-02	59.2580380300000000	1964491.662590784400000000000000
2018-12-11	2022-09	68.0186490000000000	1075234.042086570000000000000000
2018-12-11	2023-02	24.9989984700000000	502627.863317942400000000000000
2018-12-11	2024-01	17.3788794600000000	688639.836490446000000000000000
2018-12-11	2024-04	15.0000000000000000	898260.450000000000000000000000
2018-12-11	2024-09	124.0980229800000000	7584402.074010735600000000000000
2018-12-11	2024-11	42.9446720400000000	4051078.191137132000000000000000
2018-12-12	2019-01	3174.9919982600000000	440135.456654541600000000000000
2018-12-12	2019-02	2347.0885252600000000	452469.118446300600000000000000
2018-12-12	2019-03	5170.5139612700000000	2314837.486209288300000000000000
2018-12-12	2019-04	442.8730862500000000	697368.111511932500000000000000
2018-12-12	2019-05	2193.5072266200000000	5780695.323866107800000000000000
2018-12-12	2019-06	1262.1100325100000000	6238036.389054910400000000000000
2018-12-12	2019-07	352.3514142100000000	2315765.488038269900000000000000
2018-12-12	2019-08	76.8976905200000000	621000.186529312800000000000000
2018-12-12	2019-09	100.8122652600000000	521534.713204679400000000000000
2018-12-12	2019-10	382.6597439300000000	1844602.153469483100000000000000
2018-12-12	2019-11	218.9642374400000000	1038450.971450871400000000000000
2018-12-12	2019-12	84.4737497400000000	322609.981125556400000000000000
2018-12-12	2020-02	102.8343233400000000	607585.539844843100000000000000
2018-12-12	2020-04	111.9999145900000000	405155.816395339200000000000000
2018-12-12	2020-05	530.9998400000000000	2863878.474571200000000000000000
2018-12-12	2020-07	35.9999596800000000	265663.502456544000000000000000
2018-12-12	2020-08	27.9886489500000000	235606.411786897300000000000000
2018-12-12	2020-09	40.0000000000000000	289529.400000000000000000000000
2018-12-12	2020-10	16.2929091400000000	169678.429011245000000000000000
2018-12-12	2020-11	106.4929760000000000	1474032.822802240000000000000000
2018-12-12	2020-12	82.9387260900000000	1837053.212681511600000000000000
2018-12-12	2021-01	59.9708749800000000	1984987.436284754000000000000000
2018-12-12	2021-02	637.1697424500000000	29997139.422082708500000000000000
2018-12-12	2021-03	30.0861668900000000	1571839.809360908500000000000000
2018-12-12	2021-04	205.2369779500000000	11418930.053320556900000000000000
2018-12-12	2021-08	10.9104394100000000	443940.869895165500000000000000
2018-12-12	2021-12	46.6106119500000000	2075818.391683711200000000000000
2018-12-12	2022-01	20.0000000000000000	690439.600000000000000000000000
2018-12-12	2022-03	26.3795200000000000	1053365.625228800000000000000000
2018-12-12	2022-09	30.0000000000000000	495229.800000000000000000000000
2018-12-12	2023-01	10.8000000000000000	206455.068000000000000000000000
2018-12-12	2023-02	11.9000000000000000	233679.705000000000000000000000
2018-12-12	2023-09	150.0000000000000000	3466548.000000000000000000000000
2018-12-12	2024-02	337.1745502200000000	20145383.643706480800000000000000
2018-12-12	2024-04	120.3295000000000000	7177792.817355000000000000000000
2018-12-12	2024-07	50.0000000000000000	3152375.500000000000000000000000
2018-12-13	2019-01	2361.8086733300000000	367150.543785054600000000000000
2018-12-13	2019-02	4983.6210974400000000	987411.042039310500000000000000
2018-12-13	2019-03	846.2398149000000000	435949.691779534300000000000000
2018-12-13	2019-04	1033.3706980800000000	1811806.984527942400000000000000
2018-12-13	2019-05	1256.6358804300000000	5141591.454844980500000000000000
2018-12-13	2019-06	522.2291359000000000	3335897.716224306400000000000000
2018-12-13	2019-07	116.1506648200000000	798270.480927955800000000000000
2018-12-13	2019-08	269.7724881400000000	2227006.481597724200000000000000
2018-12-13	2019-09	5742.1358744900000000	27825385.109662316700000000000000
2018-12-13	2019-10	422.8466013100000000	2085544.762196622900000000000000
2018-12-13	2019-11	284.2760026200000000	1370308.118490778600000000000000
2018-12-13	2019-12	20.9999472000000000	81477.485141808000000000000000
2018-12-13	2020-01	149.9995000000000000	776030.522700000000000000000000
2018-12-13	2020-02	292.0221232700000000	1815606.529013613500000000000000
2018-12-13	2020-03	986.6278893500000000	3197009.902183680500000000000000
2018-12-13	2020-04	150.7108771100000000	529614.702308550000000000000000
2018-12-13	2020-06	66.7995666600000000	413519.366862052800000000000000
2018-12-13	2020-07	37.0965995300000000	217319.670332641300000000000000
2018-12-13	2020-08	57.5599658400000000	469101.562423300800000000000000
2018-12-13	2020-09	74.0099103300000000	507536.610644874700000000000000
2018-12-13	2020-10	50.0000000000000000	476416.000000000000000000000000
2018-12-13	2020-11	65.7818907200000000	886936.517578401600000000000000
2018-12-13	2021-01	1482.4888293100000000	41680809.288736055100000000000000
2018-12-13	2021-02	115.1579459800000000	5268757.391110912400000000000000
2018-12-13	2021-03	247.2350171300000000	11647294.476647491800000000000000
2018-12-13	2021-05	10.8755650000000000	428289.972731100000000000000000
2018-12-13	2021-06	23.0789196900000000	745460.645446845000000000000000
2018-12-13	2021-11	28.4045155900000000	1532899.107671476600000000000000
2018-12-13	2021-12	71.9644515900000000	3608322.405813767700000000000000
2018-12-13	2022-09	200.0000000000000000	3337724.000000000000000000000000
2018-12-13	2023-09	35.0312915100000000	785666.742530930700000000000000
2018-12-14	2019-01	4867.8805861000000000	1354724.449719671300000000000000
2018-12-14	2019-02	5517.8921061100000000	1624303.081246555800000000000000
2018-12-14	2019-03	1767.5542459400000000	1155106.852050594800000000000000
2018-12-14	2019-04	2766.6504633400000000	5402378.885516256700000000000000
2018-12-14	2019-05	4539.5768176300000000	20845263.036145587100000000000000
2018-12-14	2019-06	778.2358716000000000	4531196.759421627900000000000000
2018-12-14	2019-07	134.1853019900000000	905863.082730827300000000000000
2018-12-14	2019-08	102.2426828100000000	835020.638834538800000000000000
2018-12-14	2019-09	763.4449080100000000	4735222.631738042800000000000000
2018-12-14	2019-10	907.9746760700000000	4932368.045651639200000000000000
2018-12-14	2019-11	79.8000000000000000	487384.086000000000000000000000
2018-12-14	2019-12	86.9007640700000000	353160.484387462300000000000000
2018-12-14	2020-01	36.7803475600000000	170856.102129535200000000000000
2018-12-14	2020-02	311.2045201200000000	1977608.312147183200000000000000
2018-12-14	2020-03	216.4931865500000000	982996.973909115600000000000000
2018-12-14	2020-05	16.5000000000000000	103705.800000000000000000000000
2018-12-14	2020-07	140.1472033900000000	862162.188263708500000000000000
2018-12-14	2020-08	34.3808529600000000	292562.222837226700000000000000
2018-12-14	2020-11	273.8440036500000000	3403318.432098842200000000000000
2018-12-14	2020-12	159.2586321100000000	2687569.721854008900000000000000
2018-12-14	2021-01	220.5132153800000000	6771048.683324735300000000000000
2018-12-14	2021-02	77.3831042000000000	3147941.557015149100000000000000
2018-12-14	2021-03	56.2899963600000000	2569319.459287194400000000000000
2018-12-14	2021-04	99.9999000000000000	5468586.531408000000000000000000
2018-12-14	2021-09	35.9999670000000000	1558971.370941600000000000000000
2018-12-14	2021-10	25.1514027700000000	1484355.575494572300000000000000
2018-12-14	2022-01	279.1486549900000000	10849829.888229674300000000000000
2018-12-14	2022-02	14.9920600000000000	531899.548725000000000000000000
2018-12-14	2022-04	149.9000000000000000	6471550.255000000000000000000000
2018-12-14	2022-08	30.0000000000000000	627210.000000000000000000000000
2018-12-14	2022-09	30.7994089800000000	568604.212866539400000000000000
2018-12-14	2023-06	25.4323368500000000	589491.303702148500000000000000
2018-12-14	2023-12	16.8611180100000000	680214.932205382200000000000000
2018-12-14	2024-02	50.9990000000000000	2850126.585875000000000000000000
2018-12-14	2024-03	34.9995000000000000	2379755.303010000000000000000000
2018-12-15	2019-01	2937.0691122100000000	1010263.673308402600000000000000
2018-12-15	2019-02	2163.8726909500000000	951079.130012451800000000000000
2018-12-15	2019-03	1473.4055436000000000	1107536.288857995900000000000000
2018-12-15	2019-04	1561.0146326500000000	2943723.967087376500000000000000
2018-12-15	2019-05	666.7543575200000000	3105335.099902298100000000000000
2018-12-15	2019-06	430.3881177300000000	3066081.715932212100000000000000
2018-12-15	2019-07	70.0372746100000000	546492.391737104700000000000000
2018-12-15	2019-08	97.2026100400000000	790827.673038467200000000000000
2018-12-15	2019-09	2417.4469826700000000	15767741.942634674000000000000000
2018-12-15	2019-10	36.6488255100000000	176614.479869537800000000000000
2018-12-15	2019-11	534.9988170000000000	3003463.682464530000000000000000
2018-12-15	2020-02	40.9839010900000000	270814.189265729300000000000000
2018-12-15	2020-03	78.5889028600000000	168460.146908610000000000000000
2018-12-15	2020-04	254.0694733000000000	1045761.720261255000000000000000
2018-12-15	2020-07	15.0000000000000000	98879.100000000000000000000000
2018-12-15	2020-08	212.4264796300000000	1746534.403016322900000000000000
2018-12-15	2020-09	118.1978350400000000	898108.532178939100000000000000
2018-12-15	2020-10	24.8398868500000000	246056.715568913500000000000000
2018-12-15	2020-11	43.4879436500000000	640301.008773792200000000000000
2018-12-15	2020-12	156.7629637800000000	2859273.063235543700000000000000
2018-12-15	2021-01	53.5822493200000000	1461045.828950719000000000000000
2018-12-15	2021-02	14.8263624100000000	679410.940784293200000000000000
2018-12-15	2021-05	17.2297211000000000	930946.469534173000000000000000
2018-12-15	2021-06	15.5329423700000000	457037.257729863800000000000000
2018-12-15	2021-09	10.0283594800000000	455117.439415219200000000000000
2018-12-15	2022-08	25.2882145700000000	521974.036939370000000000000000
2018-12-15	2022-11	38.0690000000000000	519372.702170000000000000000000
2018-12-15	2023-12	19.1860395500000000	732422.838892549000000000000000
2018-12-15	2024-01	99.9990000000000000	4364372.355840000000000000000000
2018-12-15	2024-02	108.9985000000000000	6099946.592410000000000000000000
2018-12-15	2024-03	69.9995000000000000	4347452.899965000000000000000000
2018-12-15	2024-06	16.2600000000000000	1033687.224000000000000000000000
2018-12-16	2019-01	1091.6757765500000000	338429.619699063100000000000000
2018-12-16	2019-02	3091.8636089400000000	1177616.976449020700000000000000
2018-12-16	2019-03	3936.5618948200000000	2929920.491081536300000000000000
2018-12-16	2019-04	1770.6935202200000000	3226637.193491404700000000000000
2018-12-16	2019-05	2861.1853927300000000	12873759.257110807700000000000000
2018-12-16	2019-06	151.5290281300000000	840273.027202797300000000000000
2018-12-16	2019-07	1212.7423203000000000	9117016.839691552400000000000000
2018-12-16	2019-08	62.5892279800000000	425659.623550188700000000000000
2018-12-16	2019-09	869.0560561300000000	5222350.697836335900000000000000
2018-12-16	2019-10	12.2215842400000000	73262.164510837600000000000000
2018-12-16	2019-11	249.9990000000000000	1535558.857740000000000000000000
2018-12-16	2019-12	300.7360697500000000	1239849.584836692000000000000000
2018-12-16	2020-01	100.0000000000000000	507950.000000000000000000000000
2018-12-16	2020-02	500.0000000000000000	3280100.000000000000000000000000
2018-12-16	2020-03	47.2529692700000000	165130.077224853900000000000000
2018-12-16	2020-04	98.9999523400000000	341854.755426207200000000000000
2018-12-16	2020-06	302.9984373000000000	1963257.164594739000000000000000
2018-12-16	2020-08	27.0000000000000000	224556.030000000000000000000000
2018-12-16	2020-11	207.1158721700000000	2799855.325568536300000000000000
2018-12-16	2020-12	109.6277681400000000	2252652.497143349900000000000000
2018-12-16	2021-01	56.1334254900000000	1655656.620691053000000000000000
2018-12-16	2021-02	19.0999942700000000	819869.546039062400000000000000
2018-12-16	2021-04	59.0702734700000000	3135531.072441310900000000000000
2018-12-16	2021-05	50.5149907000000000	2360975.172726185000000000000000
2018-12-16	2021-07	49.9995000000000000	1811006.889750000000000000000000
2018-12-16	2022-01	299.4754045000000000	11461777.702719083600000000000000
2018-12-16	2022-02	100.0000000000000000	4036135.000000000000000000000000
2018-12-16	2022-06	305.8103976000000000	5620272.172108104000000000000000
2018-12-16	2023-01	28.1893246700000000	508539.927338747200000000000000
2018-12-16	2023-04	12.2782501200000000	315983.713618228800000000000000
2018-12-16	2024-02	11.9995000000000000	671168.393485000000000000000000
2018-12-16	2024-07	10.0000000000000000	553595.400000000000000000000000
2018-12-16	2024-08	30.0095000000000000	1679780.562120000000000000000000
2018-12-16	2024-11	290.3510765500000000	27108903.080055593500000000000000
2018-12-17	2019-01	3330.4460454500000000	734242.428731127500000000000000
2018-12-17	2019-02	1892.7625550900000000	617394.555295623900000000000000
2018-12-17	2019-03	2594.4940145600000000	1449862.854089613400000000000000
2018-12-17	2019-04	2432.3475080600000000	4367579.835887710900000000000000
2018-12-17	2019-05	3025.6950321800000000	13181064.627285702400000000000000
2018-12-17	2019-06	739.9283779500000000	5082332.587437562500000000000000
2018-12-17	2019-07	363.2981431000000000	2699003.891921093600000000000000
2018-12-17	2019-08	523.5742386000000000	4210064.705670106530000000000000
2018-12-17	2019-09	2716.6063790800000000	16713805.824724339100000000000000
2018-12-17	2019-10	187.8790119000000000	1046686.017762572100000000000000
2018-12-17	2019-11	639.6236996100000000	3161460.420681239400000000000000
2018-12-17	2019-12	324.3386996800000000	1322345.433339316800000000000000
2018-12-17	2020-01	211.1500000000000000	886411.907000000000000000000000
2018-12-17	2020-02	30.0000000000000000	197798.400000000000000000000000
2018-12-17	2020-03	212.2487057600000000	559597.957710355200000000000000
2018-12-17	2020-04	16.0000000000000000	54389.440000000000000000000000
2018-12-17	2020-05	39.0696382900000000	243152.352778301900000000000000
2018-12-17	2020-06	50.7823500000000000	317835.590827500000000000000000
2018-12-17	2020-07	70.0000000000000000	413905.900000000000000000000000
2018-12-17	2020-08	64.5310332500000000	555862.170157722500000000000000
2018-12-17	2020-09	57.3744801900000000	408251.967778170600000000000000
2018-12-17	2020-10	24.1249728800000000	173875.675788295200000000000000
2018-12-17	2020-11	62.2782000000000000	935460.519720000000000000000000
2018-12-17	2021-01	49.9990000000000000	1472351.552380000000000000000000
2018-12-17	2021-02	47.8824638500000000	1845300.093831657500000000000000
2018-12-17	2021-04	26.4291358800000000	1394646.210747296400000000000000
2018-12-17	2021-07	21.6729606400000000	592902.849636352000000000000000
2018-12-17	2021-09	114.0287591900000000	4696997.290857045900000000000000
2018-12-17	2021-11	25.0000000000000000	1268829.000000000000000000000000
2018-12-17	2022-01	299.9690986300000000	11744623.496083260200000000000000
2018-12-17	2022-10	614.1834127900000000	9853657.724930492900000000000000
2018-12-17	2022-11	28.9999833000000000	382938.399480174000000000000000
2018-12-17	2024-02	92.6920540000000000	4831559.772018760000000000000000
2018-12-17	2024-04	25.0000000000000000	1492087.250000000000000000000000
2018-12-17	2024-08	21.7902972100000000	1255767.637414220700000000000000
2018-12-17	2024-10	13.9999233700000000	899591.535994519300000000000000
2018-12-18	2019-01	8547.1785854100000000	248911.003860546900000000000000
2018-12-18	2019-02	7661.7111165300000000	594802.819693057000000000000000
2018-12-18	2019-03	31175.146482390000	14049864.084208387500000000000000
2018-12-18	2019-04	2577.8539265300000000	4635008.063546515800000000000000
2018-12-18	2019-05	2355.5854614300000000	8643220.642955717800000000000000
2018-12-18	2019-06	2927.0575322800000000	22277467.713827568100000000000000
2018-12-18	2019-07	4057.8789470300000000	28618881.329017831600000000000000
2018-12-18	2019-08	516.3483556500000000	3850508.798035524500000000000000
2018-12-18	2019-09	1217.9305554800000000	7220332.280575810700000000000000
2018-12-18	2019-11	259.9990000000000000	1364249.684480000000000000000000
2018-12-18	2019-12	50.0000000000000000	175714.500000000000000000000000
2018-12-18	2020-02	18.8609005800000000	127017.037474957800000000000000
2018-12-18	2020-03	39.2876200000000000	190824.295514400000000000000000
2018-12-18	2020-04	84.9998593000000000	258579.771973716000000000000000
2018-12-18	2020-05	77.0438200000000000	481683.872839600000000000000000
2018-12-18	2020-06	31.5938245500000000	182798.045184323600000000000000
2018-12-18	2020-07	40.0000000000000000	232633.200000000000000000000000
2018-12-18	2020-08	13.8411752800000000	107369.595352532800000000000000
2018-12-18	2020-09	1100.7838119000000000	8146691.842947639000000000000000
2018-12-18	2020-11	223.4218047700000000	3032441.620226583400000000000000
2018-12-18	2020-12	10.6065799100000000	246664.288939379800000000000000
2018-12-18	2021-01	524.0309670000000000	15654522.279233850000000000000000
2018-12-18	2021-02	38.3590953600000000	2051079.241264972800000000000000
2018-12-18	2021-05	10.2409712400000000	376119.331453780800000000000000
2018-12-18	2021-06	28.0000000000000000	864611.720000000000000000000000
2018-12-18	2021-12	88.0781098200000000	3951283.534789296600000000000000
2018-12-18	2022-06	15.0000000000000000	310240.500000000000000000000000
2018-12-18	2022-08	8149.9997568400000000	167230823.010570780800000000000000
2018-12-18	2024-02	119.0221551800000000	6546661.778929579600000000000000
2018-12-18	2024-03	10.5000000000000000	702313.080000000000000000000000
2018-12-18	2024-07	300.0000000000000000	17749776.000000000000000000000000
2018-12-18	2024-10	25.0000000000000000	1689018.500000000000000000000000
2018-12-19	2019-01	18621.0725614300000000	-3081752.150476923200000000000000
2018-12-19	2019-02	8379.9794933500000000	-776078.879887306200000000000000
2018-12-19	2019-03	4761.2013160500000000	959765.893714756600000000000000
2018-12-19	2019-04	5963.5284952400000000	6740788.651110266800000000000000
2018-12-19	2019-05	6991.3622627900000000	27698980.609720285200000000000000
2018-12-19	2019-06	485.0036046100000000	3451202.967671579900000000000000
2018-12-19	2019-07	1038.7740246700000000	6639147.038345948100000000000000
2018-12-19	2019-08	125.1725012500000000	929688.216084042800000000000000
2018-12-19	2019-09	489.5459684700000000	2474166.439557694200000000000000
2018-12-19	2019-10	124.8042769800000000	661794.551517456500000000000000
2018-12-19	2019-11	6510.4158610900000000	34528146.231507984100000000000000
2018-12-19	2019-12	180.0000000000000000	630759.600000000000000000000000
2018-12-19	2020-01	19.2648023100000000	89290.432226619000000000000000
2018-12-19	2020-02	29.9990000000000000	193883.836990000000000000000000
2018-12-19	2020-03	24.9999638400000000	74959.641578217600000000000000
2018-12-19	2020-04	76.0000000000000000	237581.390000000000000000000000
2018-12-19	2020-05	359.5987131500000000	2029274.577228855500000000000000
2018-12-19	2020-06	63.2887127300000000	367712.395910041300000000000000
2018-12-19	2020-07	11.3600400000000000	63138.193516800000000000000000
2018-12-19	2020-08	171.8646970700000000	1356386.578281330200000000000000
2018-12-19	2020-09	49.2758527500000000	334772.818925229100000000000000
2018-12-19	2020-10	1010.3181174400000000	9234600.531558435200000000000000
2018-12-19	2020-11	68.0942384800000000	969637.974492394800000000000000
2018-12-19	2020-12	144.5169885900000000	2743544.171421342200000000000000
2018-12-19	2021-01	124.0639452400000000	4174887.639197159200000000000000
2018-12-19	2021-02	27.2000000000000000	1160520.096000000000000000000000
2018-12-19	2021-03	38.5216310300000000	2115140.367798809500000000000000
2018-12-19	2021-05	16.8931970800000000	875336.717373484400000000000000
2018-12-19	2021-06	21.6000000000000000	662714.568000000000000000000000
2018-12-19	2021-12	62.7000000000000000	2804280.712000000000000000000000
2018-12-19	2022-05	126.4834487800000000	3203226.226050182800000000000000
2018-12-19	2023-04	10.0000000000000000	242655.100000000000000000000000
2018-12-19	2023-07	75.0000000000000000	1947825.750000000000000000000000
2018-12-19	2023-11	74.9999500400000000	2369849.921362920800000000000000
2018-12-19	2024-03	11.3908516500000000	733229.462436049500000000000000
2018-12-19	2024-12	22.7194974300000000	2259854.791348165200000000000000
2018-12-20	2019-01	2653.2234503000000000	-837623.422870172900000000000000
2018-12-20	2019-02	10909.4480828800000000	-1101409.441190596100000000000000
2018-12-20	2019-03	2148.7056228700000000	-78103.020267140800000000000000
2018-12-20	2019-04	1851.2167861100000000	2028064.537414854400000000000000
2018-12-20	2019-05	1308.9121252400000000	4302944.850775017600000000000000
2018-12-20	2019-06	766.9336940000000000	4393718.965191280100000000000000
2018-12-20	2019-07	114.3094371800000000	884650.056540482000000000000000
2018-12-20	2019-08	73.3260070100000000	515634.712344430200000000000000
2018-12-20	2019-09	1075.2346516700000000	6144057.191048139500000000000000
2018-12-20	2019-10	240.9504177700000000	1177783.034761107500000000000000
2018-12-20	2019-11	3888.9107832400000000	19723061.479613526400000000000000
2018-12-20	2019-12	169.6030941900000000	597392.084418025900000000000000
2018-12-20	2020-01	67.2992336900000000	268978.720605359500000000000000
2018-12-20	2020-03	30.0000000000000000	31961.700000000000000000000000
2018-12-20	2020-04	179.7000000000000000	624011.091000000000000000000000
2018-12-20	2020-05	98.6504279900000000	515470.307568275300000000000000
2018-12-20	2020-06	416.1499638700000000	2390286.969949247000000000000000
2018-12-20	2020-08	256.8206950500000000	2027203.882723328000000000000000
2018-12-20	2020-10	89.9390000000000000	823099.243250000000000000000000
2018-12-20	2020-11	128.2596000000000000	1872303.357568000000000000000000
2018-12-20	2020-12	35.5813202100000000	711302.210684726400000000000000
2018-12-20	2021-01	84.9995000000000000	2997990.749755000000000000000000
2018-12-20	2021-02	80.7329080400000000	3159547.404418839200000000000000
2018-12-20	2021-03	783.1479365000000000	36018351.722787573800000000000000
2018-12-20	2021-04	10.9239622900000000	561380.237290642000000000000000
2018-12-20	2021-05	570.1974985700000000	27334046.912781517600000000000000
2018-12-20	2021-10	10.6099005600000000	547938.235015668000000000000000
2018-12-20	2022-01	615.7598271500000000	21106266.080560440000000000000000
2018-12-20	2022-02	18.5059992300000000	599828.846062244100000000000000
2018-12-20	2022-05	58.8646585900000000	1736122.453537821400000000000000
2018-12-20	2022-06	23.9995000000000000	386148.595070000000000000000000
2018-12-20	2023-06	10.7415391900000000	281687.842364830400000000000000
2018-12-20	2023-08	99.8000000000000000	2535223.392000000000000000000000
2018-12-20	2023-11	22.8075538500000000	766030.696969333500000000000000
2018-12-20	2023-12	51.4947269400000000	2044120.815847747200000000000000
2018-12-20	2024-03	51.9548552800000000	3400502.428416808000000000000000
2018-12-20	2024-04	19.9989689200000000	1288275.580816532000000000000000
2018-12-20	2024-05	29.2937036200000000	1936130.430697338800000000000000
2018-12-20	2024-07	15.5736884300000000	854875.577406089000000000000000
2018-12-20	2024-12	23.4090684000000000	2250980.064589948000000000000000
2018-12-21	2019-01	4671.1314575000000000	-2074003.700129606500000000000000
2018-12-21	2019-02	11605.0494663800000000	-3786445.173358804600000000000000
2018-12-21	2019-03	10304.4617001300000000	-494668.335109886700000000000000
2018-12-21	2019-04	12571.2765730100000000	15715719.181413879600000000000000
2018-12-21	2019-05	1506.7885236100000000	5626119.891530236900000000000000
2018-12-21	2019-06	466.5992320100000000	2998247.485267742900000000000000
2018-12-21	2019-07	212.5127316000000000	1361575.825738720400000000000000
2018-12-21	2019-08	137.9165773900000000	977311.740341288500000000000000
2018-12-21	2019-09	619.8147293800000000	3443444.517850794800000000000000
2018-12-21	2019-10	47.2684497700000000	212745.873370690700000000000000
2018-12-21	2019-11	101.7438788600000000	457375.917774847800000000000000
2018-12-21	2019-12	877.1427302900000000	3108064.657754652500000000000000
2018-12-21	2020-01	148.4444016800000000	573257.386450121400000000000000
2018-12-21	2020-02	40.1695880800000000	218468.618379326400000000000000
2018-12-21	2020-03	25.9989477900000000	124020.960716291700000000000000
2018-12-21	2020-04	358.6990000000000000	1047218.528930000000000000000000
2018-12-21	2020-05	65.0020660400000000	358588.303939997800000000000000
2018-12-21	2020-06	40.5780328200000000	226056.489539775000000000000000
2018-12-21	2020-07	99.9952000000000000	510740.483280000000000000000000
2018-12-21	2020-08	53.1339283200000000	415994.557585094400000000000000
2018-12-21	2020-09	95.5862062700000000	723001.315999683800000000000000
2018-12-21	2020-11	242.5638755100000000	3515967.794446430800000000000000
2018-12-21	2020-12	282.1305655400000000	4280973.026251264200000000000000
2018-12-21	2021-01	130.4233508400000000	3579195.247140803300000000000000
2018-12-21	2021-02	19.5457634800000000	575427.276851200000000000000000
2018-12-21	2021-04	12.8399782400000000	595897.868927756800000000000000
2018-12-21	2021-05	167.5794616100000000	7148215.772562061700000000000000
2018-12-21	2021-06	12.3304714800000000	374699.230467243600000000000000
2018-12-21	2021-07	36.5548818400000000	1004516.161208147200000000000000
2018-12-21	2021-10	130.0004241000000000	6728471.671542135000000000000000
2018-12-21	2021-12	11.5132500000000000	517621.904100000000000000000000
2018-12-21	2022-01	742.7480786200000000	26488341.972225763500000000000000
2018-12-21	2022-03	68.6905662900000000	2727835.257892941000000000000000
2018-12-21	2023-01	89.7818289000000000	1552298.193677463000000000000000
2018-12-21	2023-02	34.9690452000000000	679378.610145600000000000000000
2018-12-21	2023-03	22.6000000000000000	413923.520000000000000000000000
2018-12-21	2023-05	40.0000000000000000	933526.400000000000000000000000
2018-12-21	2023-06	32.6629813000000000	856869.546010558000000000000000
2018-12-21	2023-07	10.9999887500000000	291366.932010787500000000000000
2018-12-21	2023-09	19.9900284000000000	442669.183903800000000000000000
2018-12-21	2023-11	15.3900000000000000	500926.955400000000000000000000
2018-12-21	2023-12	12.6682606000000000	506259.671436104000000000000000
2018-12-21	2024-04	19.9995000000000000	1182308.641545000000000000000000
2018-12-22	2019-01	1138.0075862100000000	-391499.200357996800000000000000
2018-12-22	2019-02	1976.8759014500000000	-22432.967825665600000000000000
2018-12-22	2019-03	719.9885693600000000	48610.465767066900000000000000
2018-12-22	2019-04	691.3225490300000000	835066.983682272400000000000000
2018-12-22	2019-05	187.6822819100000000	530765.130389263100000000000000
2018-12-22	2019-06	146.2198215100000000	1107046.403300340900000000000000
2018-12-22	2019-07	195.4779015800000000	1358976.462899077600000000000000
2018-12-22	2019-08	58.5744594200000000	367092.724945906000000000000000
2018-12-22	2019-09	367.6648681500000000	1960789.254538425100000000000000
2018-12-22	2019-10	83.7691000000000000	346503.026632000000000000000000
2018-12-22	2019-11	94.6793986900000000	401736.721869102600000000000000
2018-12-22	2019-12	169.3545309000000000	571705.044262377000000000000000
2018-12-22	2020-01	43.2333002000000000	201559.863940446800000000000000
2018-12-22	2020-03	59.3041497500000000	165660.955209035000000000000000
2018-12-22	2020-04	14.0000000000000000	46153.660000000000000000000000
2018-12-22	2020-05	26.2082221800000000	143005.366572995400000000000000
2018-12-22	2020-06	100.0000000000000000	557313.000000000000000000000000
2018-12-22	2020-07	15.0000000000000000	107004.000000000000000000000000
2018-12-22	2020-08	387.9418372500000000	3029739.528867902100000000000000
2018-12-22	2020-09	11.5000000000000000	80711.600000000000000000000000
2018-12-22	2020-11	50.8598570000000000	595835.431120680000000000000000
2018-12-22	2021-01	84.0000000000000000	2885819.880000000000000000000000
2018-12-22	2021-02	62.3193610700000000	2856438.150030142600000000000000
2018-12-22	2021-05	15.0000000000000000	815071.500000000000000000000000
2018-12-22	2021-06	90.4990000000000000	2566227.496640000000000000000000
2018-12-22	2021-07	21.2749954000000000	639427.007495482000000000000000
2018-12-22	2021-08	12.6644744000000000	546714.595044760000000000000000
2018-12-22	2021-11	36.9999951200000000	2007786.355515905600000000000000
2018-12-22	2021-12	378.1999558600000000	16405420.049624354800000000000000
2018-12-22	2022-01	15.0003560800000000	588645.473326968000000000000000
2018-12-22	2022-02	14.5177813600000000	545952.491912260800000000000000
2018-12-22	2022-05	64.7571972400000000	1719135.865581148400000000000000
2018-12-22	2022-07	27.2618351000000000	527979.049593586500000000000000
2018-12-22	2023-05	151.8613381800000000	3586849.442918877400000000000000
2018-12-22	2023-06	12.6708225400000000	334559.257972131400000000000000
2018-12-22	2023-09	28.5911000000000000	626338.365836000000000000000000
2018-12-22	2023-11	23.7054000000000000	773924.179986000000000000000000
2018-12-22	2024-01	10.0160378700000000	401115.974513901900000000000000
2018-12-22	2024-02	12.1351891400000000	580319.306901768000000000000000
2018-12-22	2024-03	15.0000000000000000	1021476.000000000000000000000000
2018-12-22	2024-05	14.7985691600000000	869081.342501292400000000000000
2018-12-22	2024-07	100.0000000000000000	6314784.000000000000000000000000
2018-12-23	2019-01	885.6074997400000000	-394634.507282543600000000000000
2018-12-23	2019-02	3274.5408256400000000	-653634.317740304800000000000000
2018-12-23	2019-03	407.0030073800000000	-3932.975517486000000000000000
2018-12-23	2019-04	1646.2919089500000000	1894445.747336177200000000000000
2018-12-23	2019-05	9226.1242344400000000	39151684.484682740800000000000000
2018-12-23	2019-06	832.4004690800000000	7107780.004735265500000000000000
2018-12-23	2019-07	4768.5486490300000000	41320872.921622772700000000000000
2018-12-23	2019-08	10.9995000000000000	67582.907910000000000000000000
2018-12-23	2019-09	147.1204535000000000	645369.246570833800000000000000
2018-12-23	2019-10	36.6548420000000000	156514.919838480000000000000000
2018-12-23	2019-11	84.5721463500000000	376217.299892851700000000000000
2018-12-23	2019-12	461.9956000000000000	1563267.956444000000000000000000
2018-12-23	2020-02	61.1018852400000000	319407.505604210400000000000000
2018-12-23	2020-03	20.0000000000000000	33185.800000000000000000000000
2018-12-23	2020-04	258.9902737600000000	922275.560215908400000000000000
2018-12-23	2020-05	13.6418683200000000	74664.128014291200000000000000
2018-12-23	2020-06	44.6292163000000000	243611.442459408500000000000000
2018-12-23	2020-07	110.9748661300000000	741387.994045332200000000000000
2018-12-23	2020-08	67.4398059300000000	517118.598272131700000000000000
2018-12-23	2020-09	39.1244618600000000	262282.208592382800000000000000
2018-12-23	2020-11	42.8840641300000000	594509.350421846000000000000000
2018-12-23	2021-01	155.0000000000000000	5122977.500000000000000000000000
2018-12-23	2021-02	128.9000000000000000	4432228.082000000000000000000000
2018-12-23	2021-04	42.8534008600000000	2179840.930869058541697000000000
2018-12-23	2021-05	82.2809465700000000	2967117.134619257000000000000000
2018-12-23	2021-10	86.7449914400000000	4899174.084599261600000000000000
2018-12-23	2021-12	70.1000000000000000	3713482.307000000000000000000000
2018-12-23	2022-06	14.0000000000000000	245071.400000000000000000000000
2018-12-23	2022-07	40.0000000000000000	758596.000000000000000000000000
2018-12-23	2023-01	11.5921657800000000	156365.680911499800000000000000
2018-12-23	2023-05	79.9999020000000000	1847952.936254880000000000000000
2018-12-23	2023-07	100.0000000000000000	2579809.000000000000000000000000
2018-12-23	2024-07	10.0000000000000000	546565.400000000000000000000000
2018-12-24	2019-01	1175.9869736000000000	-759177.756079467200000000000000
2018-12-24	2019-02	3511.4575569800000000	-1683982.220936750200000000000000
2018-12-24	2019-03	2994.3150657800000000	-693807.720178338400000000000000
2018-12-24	2019-04	1032.4212805000000000	1042858.779447449900000000000000
2018-12-24	2019-05	907.4616531900000000	3030720.313326241300000000000000
2018-12-24	2019-06	335.6634089500000000	1799565.561616016600000000000000
2018-12-24	2019-07	161.4817006800000000	1124176.061247357600000000000000
2018-12-24	2019-08	910.9967680800000000	6605765.383461839700000000000000
2018-12-24	2019-09	942.1843250800000000	5450364.581883283900000000000000
2018-12-24	2019-10	45.9760800000000000	174101.604547200000000000000000
2018-12-24	2019-11	78.8626478100000000	332394.950417263400000000000000
2018-12-24	2019-12	199.9900000000000000	610229.487000000000000000000000
2018-12-24	2020-01	131.1268007100000000	542314.981998623600000000000000
2018-12-24	2020-02	487.0585187500000000	2950511.763858847800000000000000
2018-12-24	2020-03	150.8692164900000000	175164.684195961000000000000000
2018-12-24	2020-04	15.4958632200000000	81780.967729872000000000000000
2018-12-24	2020-05	34.9994932200000000	204057.545320566000000000000000
2018-12-24	2020-06	120.0295982800000000	604661.851721046400000000000000
2018-12-24	2020-07	14.0734769700000000	71817.656651758500000000000000
2018-12-24	2020-08	156.8082333600000000	1156611.306457232400000000000000
2018-12-24	2020-09	138.4847946200000000	889418.583768236800000000000000
2018-12-24	2020-10	120.1973810200000000	1086766.267633970000000000000000
2018-12-24	2020-12	27.9744782900000000	424524.737076414700000000000000
2018-12-24	2021-01	35.0000000000000000	1179310.250000000000000000000000
2018-12-24	2021-03	70.6874219700000000	3263077.816504884400000000000000
2018-12-24	2021-05	49.9999932500000000	1965508.734656285000000000000000
2018-12-24	2021-07	88.8635120800000000	2390891.453849936800000000000000
2018-12-24	2021-12	27.9201122900000000	1206964.963238487000000000000000
2018-12-24	2022-01	49.6906368600000000	1902312.613787803200000000000000
2018-12-24	2022-02	15.8521619500000000	533311.272573079500000000000000
2018-12-24	2022-06	27.1657223900000000	694020.367616883500000000000000
2018-12-24	2022-08	11.4721856000000000	227237.954874688000000000000000
2018-12-24	2023-01	12.8645550300000000	166561.124694368700000000000000
2018-12-24	2023-09	10.0000000000000000	228820.800000000000000000000000
2018-12-24	2024-07	47.9201667000000000	2694872.104331571000000000000000
2018-12-24	2024-11	12.5675996300000000	1087395.597134219900000000000000
2018-12-25	2019-01	768.8802147900000000	-207284.931931595900000000000000
2018-12-25	2019-02	2238.7128791900000000	-50850.411659027100000000000000
2018-12-25	2019-03	1137.5200853200000000	217121.888177101600000000000000
2018-12-25	2019-04	573.8623889500000000	836506.731500710200000000000000
2018-12-25	2019-05	1221.5634658600000000	3849431.393187466100000000000000
2018-12-25	2019-06	808.4341496900000000	5287434.263303281800000000000000
2018-12-25	2019-07	1158.0695842300000000	9051545.840937337800000000000000
2018-12-25	2019-08	44.0996330000000000	284872.564060360000000000000000
2018-12-25	2019-09	341.5760394000000000	1934172.819444514300000000000000
2018-12-25	2019-10	140.2972569300000000	611993.200278768300000000000000
2018-12-25	2019-11	355.2112379200000000	1328959.490262008400000000000000
2018-12-25	2019-12	25.7308582900000000	92666.598428440200000000000000
2018-12-25	2020-01	17.0000000000000000	99272.860000000000000000000000
2018-12-25	2020-02	56.3711820200000000	376748.339353367000000000000000
2018-12-25	2020-04	63.5851533900000000	233399.815913477900000000000000
2018-12-25	2020-05	48.3766070000000000	276081.020526210000000000000000
2018-12-25	2020-08	61.8750000000000000	494973.881250000000000000000000
2018-12-25	2020-10	100.0000000000000000	969837.000000000000000000000000
2018-12-25	2020-11	1075.7354866700000000	16582731.368350401300000000000000
2018-12-25	2020-12	29.4557183100000000	635037.945624812724795000000000
2018-12-25	2021-01	35.9747968700000000	1113002.403184165600000000000000
2018-12-25	2021-06	10.0000000000000000	298729.500000000000000000000000
2018-12-25	2021-08	10.0000000000000000	446698.300000000000000000000000
2018-12-25	2021-10	69.1787757000000000	3047567.195299950000000000000000
2018-12-25	2022-01	633.9254596500000000	22863353.650438549600000000000000
2018-12-25	2022-02	13.5000000000000000	479356.920000000000000000000000
2018-12-25	2022-03	21.0000000000000000	908710.110000000000000000000000
2018-12-25	2022-11	12.3339734100000000	162643.297108040100000000000000
2018-12-25	2023-06	83.0000000000000000	1834477.620000000000000000000000
2018-12-25	2023-10	18.0000000000000000	424952.820000000000000000000000
2018-12-25	2024-01	80.0000000000000000	2892511.200000000000000000000000
2018-12-25	2024-03	11.6127966000000000	748943.742739902000000000000000
2018-12-26	2019-01	326.3494245600000000	-91168.283627036100000000000000
2018-12-26	2019-02	5371.2857285500000000	-347880.317044199200000000000000
2018-12-26	2019-03	1734.9866678000000000	352035.124301575100000000000000
2018-12-26	2019-04	1449.1602257600000000	2028616.224301808700000000000000
2018-12-26	2019-05	1661.2301434800000000	7542372.719474587800000000000000
2018-12-26	2019-06	380.6893522400000000	2338163.210633509200000000000000
2018-12-26	2019-07	100.8980000000000000	621443.307400000000000000000000
2018-12-26	2019-08	69.4554303300000000	452444.067079965900000000000000
2018-12-26	2019-09	312.8857815800000000	1689844.393217338600000000000000
2018-12-26	2019-10	125.3071830400000000	597113.320283694800000000000000
2018-12-26	2019-11	75.1060166000000000	387616.432480386000000000000000
2018-12-26	2019-12	56.6439445700000000	186933.002126385000000000000000
2018-12-26	2020-01	112.4065000000000000	624064.712785000000000000000000
2018-12-26	2020-02	54.9974900000000000	334575.283395200000000000000000
2018-12-26	2020-03	158.6608314600000000	262388.589341140700000000000000
2018-12-26	2020-04	93.5961626700000000	299508.098011138400000000000000
2018-12-26	2020-07	24.0008122000000000	157792.139768290000000000000000
2018-12-26	2020-08	35.1766095500000000	270904.058461232500000000000000
2018-12-26	2020-10	110.0000000000000000	1053979.800000000000000000000000
2018-12-26	2020-11	56.9980881500000000	632182.452188646000000000000000
2018-12-26	2020-12	17.7880000000000000	275060.291000000000000000000000
2018-12-26	2021-01	132.7532173000000000	4351205.039712458000000000000000
2018-12-26	2021-02	30.7269000000000000	1318863.229700000000000000000000
2018-12-26	2021-03	11.0380000000000000	551793.372920000000000000000000
2018-12-26	2021-04	10.1000000000000000	595704.161000000000000000000000
2018-12-26	2021-10	26.5168026000000000	1509635.778693354000000000000000
2018-12-26	2023-06	16.0339211700000000	365124.292544028300000000000000
2018-12-26	2023-08	10.0000000000000000	234711.100000000000000000000000
2018-12-26	2024-03	15.0000000000000000	1019675.700000000000000000000000
2018-12-26	2024-06	21.4876273400000000	1355209.614994662000000000000000
2018-12-27	2019-01	1977.4853139600000000	-346970.878655579000000000000000
2018-12-27	2019-02	11146.8222351300000000	799621.606523456600000000000000
2018-12-27	2019-03	3265.9640581200000000	809490.640794332000000000000000
2018-12-27	2019-04	975.8318454700000000	1331373.096407592100000000000000
2018-12-27	2019-05	1723.9934329900000000	6862092.444223663000000000000000
2018-12-27	2019-06	478.4412028800000000	2897594.645125384000000000000000
2018-12-27	2019-07	950.9117709800000000	6054082.172401240800000000000000
2018-12-27	2019-08	3061.0566221900000000	21553964.097674972000000000000000
2018-12-27	2019-09	253.9763470100000000	1463283.243670906900000000000000
2018-12-27	2019-10	97.0589700000000000	451094.107519970000000000000000
2018-12-27	2019-11	145.0394056900000000	645102.247325320500000000000000
2018-12-27	2019-12	88.3156817000000000	314115.225973330000000000000000
2018-12-27	2020-01	28.1373682500000000	124903.744723532500000000000000
2018-12-27	2020-02	26.5634435200000000	173573.709218125200000000000000
2018-12-27	2020-04	18.0000000000000000	72096.480000000000000000000000
2018-12-27	2020-05	37.9999966600000000	200881.282343591000000000000000
2018-12-27	2020-06	100.0000000000000000	613261.000000000000000000000000
2018-12-27	2020-07	27.0854571800000000	158861.894306707800000000000000
2018-12-27	2020-08	26.2257853400000000	210504.049793836800000000000000
2018-12-27	2020-09	47.6972974600000000	314551.642660681400000000000000
2018-12-27	2020-10	40.8302436700000000	346496.438127451100000000000000
2018-12-27	2020-11	51.8252100000000000	537090.573531900000000000000000
2018-12-27	2020-12	45.2000000000000000	897631.280000000000000000000000
2018-12-27	2021-01	41.6999263100000000	1358294.466778500300000000000000
2018-12-27	2021-03	60.3586406500000000	2915985.252537824000000000000000
2018-12-27	2021-05	335.9731173800000000	14797705.195883011400000000000000
2018-12-27	2021-06	196.7200000000000000	5812694.363200000000000000000000
2018-12-27	2021-08	12.3734793700000000	559969.356711765700000000000000
2018-12-27	2021-10	18.8255000000000000	1071102.425180000000000000000000
2018-12-27	2022-01	34.7422750000000000	1292572.791887750000000000000000
2018-12-27	2022-02	19.9979887400000000	704235.372855609400000000000000
2018-12-27	2022-06	32.7346836300000000	503440.448112894600000000000000
2018-12-27	2023-08	22.1507822300000000	516855.653933563400000000000000
2018-12-27	2024-07	12.9260000000000000	712018.239940000000000000000000
2018-12-27	2024-09	20.0000000000000000	1116435.600000000000000000000000
2018-12-27	2024-11	96.9387600000000000	9241562.654002800000000000000000
2018-12-28	2019-01	1334.9441852800000000	-374072.425580086800000000000000
2018-12-28	2019-02	4806.9394953200000000	159751.025816126900000000000000
2018-12-28	2019-03	5464.0458570300000000	1400247.818708987500000000000000
2018-12-28	2019-04	1585.5141574900000000	2299002.874708147000000000000000
2018-12-28	2019-05	21759.865156750000	102101773.548530936200000000000000
2018-12-28	2019-06	322.6865354200000000	2382866.686886187000000000000000
2018-12-28	2019-07	429.8264378700000000	3322630.709961055400000000000000
2018-12-28	2019-08	2470.3257755700000000	17481097.937491619251454600000000
2018-12-28	2019-09	1082.1360141200000000	5374982.800306768000000000000000
2018-12-28	2019-10	134.3392794400000000	665158.532919221400000000000000
2018-12-28	2019-11	243.3786337400000000	1130185.445372872800000000000000
2018-12-28	2019-12	882.7210190800000000	3100487.162771834400000000000000
2018-12-28	2020-01	289.2286478200000000	1339397.522892856400000000000000
2018-12-28	2020-03	167.8092625400000000	458043.215754339400000000000000
2018-12-28	2020-04	46.3994676300000000	258829.686285752700000000000000
2018-12-28	2020-05	122.4588851700000000	697939.588919748900000000000000
2018-12-28	2020-06	45.4989662900000000	275431.034499833000000000000000
2018-12-28	2020-07	37.5934690000000000	210113.764437840000000000000000
2018-12-28	2020-08	174.3178244900000000	1426164.437358531600000000000000
2018-12-28	2020-09	198.7458528200000000	1336078.932875091000000000000000
2018-12-28	2020-10	209.4641055900000000	1843243.898586223800000000000000
2018-12-28	2020-11	339.9189564000000000	4096469.905685508000000000000000
2018-12-28	2020-12	524.1027489800000000	8073621.301075819400000000000000
2018-12-28	2021-01	374.3351765600000000	10545037.794339865400000000000000
2018-12-28	2021-02	53.8615126800000000	2183918.147277503600000000000000
2018-12-28	2021-03	29.9510414000000000	1529345.399956514000000000000000
2018-12-28	2021-04	40.0000000000000000	2254511.600000000000000000000000
2018-12-28	2021-07	20.8241139300000000	751895.865188231400000000000000
2018-12-28	2021-09	46.4197190800000000	1910983.089737965600000000000000
2018-12-28	2021-10	10.0000000000000000	577720.800000000000000000000000
2018-12-28	2022-02	21.9892180000000000	773396.859377520000000000000000
2018-12-28	2022-04	10.9988104300000000	421114.534600330400000000000000
2018-12-28	2022-07	18.9494359400000000	294954.981697397800000000000000
2018-12-28	2023-01	10.0000000000000000	177950.100000000000000000000000
2018-12-28	2023-09	10.0000000000000000	233996.100000000000000000000000
2018-12-29	2019-01	341.6156001600000000	-133859.418649091800000000000000
2018-12-29	2019-02	9664.0027040100000000	-2794483.508807434200000000000000
2018-12-29	2019-03	1508.1741098100000000	214963.514989355100000000000000
2018-12-29	2019-04	1056.6856454000000000	1419145.654776842600000000000000
2018-12-29	2019-05	50465.629713180000	172658041.572103405100000000000000
2018-12-29	2019-06	221.7202262800000000	1445672.170969650400000000000000
2018-12-29	2019-07	173.4973840000000000	1233313.171278080000000000000000
2018-12-29	2019-08	352.5042317600000000	2342870.078532870000000000000000
2018-12-29	2019-09	193.5666106100000000	1021075.047994595000000000000000
2018-12-29	2019-10	32.7393511200000000	144576.640112888800000000000000
2018-12-29	2019-11	165.4422139800000000	724229.879935770400000000000000
2018-12-29	2019-12	136.0048057400000000	453815.974741414600000000000000
2018-12-29	2020-01	28.3873068900000000	96498.675549590400000000000000
2018-12-29	2020-02	14.2764840300000000	85195.632273226500000000000000
2018-12-29	2020-03	59.9429964600000000	192025.041274698500000000000000
2018-12-29	2020-05	60.5602642900000000	314826.128200061000000000000000
2018-12-29	2020-06	109.1037760000000000	593322.890236160000000000000000
2018-12-29	2020-07	944.9028956000000000	5075683.175303829300000000000000
2018-12-29	2020-08	54.8679551200000000	426166.946069344800000000000000
2018-12-29	2020-09	30.0000000000000000	204452.700000000000000000000000
2018-12-29	2020-10	12.0060408300000000	99799.373976516900000000000000
2018-12-29	2020-11	128.6503531500000000	1742616.615956090300000000000000
2018-12-29	2020-12	48.2899561000000000	956523.778159758000000000000000
2018-12-29	2021-01	351.2675754100000000	12156015.227689198400000000000000
2018-12-29	2021-02	82.1774378000000000	3676560.561476716000000000000000
2018-12-29	2021-03	35.3129569500000000	1902112.324057554800000000000000
2018-12-29	2021-05	10.0094480500000000	356521.725557886000000000000000
2018-12-29	2021-08	207.7488780000000000	9337773.996505980000000000000000
2018-12-29	2022-01	298.9223050500000000	10028838.268395311400000000000000
2018-12-29	2022-04	64.3631505400000000	2241653.891579339800000000000000
2018-12-29	2022-05	30.6242715300000000	778465.001137301100000000000000
2018-12-29	2022-06	11.4673149900000000	198171.142595036100000000000000
2018-12-29	2022-07	20.9999725300000000	397621.669872306700000000000000
2018-12-29	2023-08	42.4676483900000000	1023298.478105148300000000000000
2018-12-29	2023-12	10.7412162800000000	410896.313581887600000000000000
2018-12-30	2019-01	399.0640796300000000	-135276.444764748700000000000000
2018-12-30	2019-02	2427.1050299900000000	-542792.479965109500000000000000
2018-12-30	2019-03	6873.2409528600000000	580885.334845088800000000000000
2018-12-30	2019-04	546.1505539100000000	784536.679460749600000000000000
2018-12-30	2019-05	839.5890722100000000	3063596.758524472100000000000000
2018-12-30	2019-06	241.9359328700000000	1485871.710744712700000000000000
2018-12-30	2019-07	383.7443720600000000	2434661.092739149800000000000000
2018-12-30	2019-08	82.9775031900000000	584350.737222334800000000000000
2018-12-30	2019-09	31.3764769900000000	142288.234624299700000000000000
2018-12-30	2019-10	165.1400000000000000	780041.621800000000000000000000
2018-12-30	2019-12	79.5352650200000000	275244.924823717400000000000000
2018-12-30	2020-02	12.3933610400000000	74782.903785074400000000000000
2018-12-30	2020-03	85.8812289600000000	91318.538438841600000000000000
2018-12-30	2020-06	14.9151000000000000	88506.800004000000000000000000
2018-12-30	2020-07	92.7113254200000000	543167.313050161100000000000000
2018-12-30	2020-09	11.1995000000000000	73369.716420000000000000000000
2018-12-30	2020-10	25.9241400000000000	244899.906510600000000000000000
2018-12-30	2020-11	88.4657968400000000	1233210.477030857200000000000000
2018-12-30	2020-12	122.3969167500000000	2407191.529356952800000000000000
2018-12-30	2021-01	294.1792736100000000	8216907.031902393000000000000000
2018-12-30	2021-02	33.7037738400000000	1006516.786527867600000000000000
2018-12-30	2021-03	124.0056703700000000	6230165.164889058900000000000000
2018-12-30	2021-06	52.1986163700000000	1810977.230382288900000000000000
2018-12-30	2021-08	71.3853556000000000	3034149.886171600000000000000000
2018-12-30	2021-09	66.1569939600000000	2649760.277852235600000000000000
2018-12-30	2022-02	77.7953815200000000	2698065.969862586400000000000000
2018-12-30	2022-04	10.9199452600000000	381388.042560613200000000000000
2018-12-30	2022-06	228.0134056800000000	4453115.935952382800000000000000
2018-12-30	2022-07	141.9792633800000000	2197505.345853457000000000000000
2018-12-30	2023-01	19.0000000000000000	255059.420000000000000000000000
2018-12-30	2023-03	44.9930859200000000	1083979.725016668800000000000000
2018-12-30	2023-08	14.5000000000000000	324075.145000000000000000000000
2018-12-30	2023-11	59.0536319200000000	1945169.881831634400000000000000
2018-12-30	2023-12	10.0000000000000000	400656.100000000000000000000000
2018-12-30	2024-03	40.7692789100000000	2794447.461249762700000000000000
2018-12-31	2019-01	168.5179479600000000	-50759.979292133500000000000000
2018-12-31	2019-02	11028.3493159400000000	-1120265.322496437700000000000000
2018-12-31	2019-03	2858.4910901400000000	544972.452631556300000000000000
2018-12-31	2019-04	1922.5855988500000000	2549718.492769743800000000000000
2018-12-31	2019-05	5088.2096111100000000	11712906.034281292300000000000000
2018-12-31	2019-06	579.0518051500000000	4575220.881852064100000000000000
2018-12-31	2019-07	249.7964028300000000	1742194.563195762800000000000000
2018-12-31	2019-08	197.1748054800000000	1243958.405560938400000000000000
2018-12-31	2019-09	1833.7319985400000000	10544974.950219670000000000000000
2018-12-31	2019-10	51.2712558900000000	263570.617416202000000000000000
2018-12-31	2019-11	121.4258722600000000	494614.776975002000000000000000
2018-12-31	2019-12	165.2965795200000000	578425.144000531000000000000000
2018-12-31	2020-03	391.1567221800000000	483163.473950778600000000000000
2018-12-31	2020-04	13.6048843100000000	44954.211079003700000000000000
2018-12-31	2020-05	21.0003057200000000	113464.441802102800000000000000
2018-12-31	2020-06	637.8736123200000000	3652268.564294604800000000000000
2018-12-31	2020-07	50.0000000000000000	365086.500000000000000000000000
2018-12-31	2020-08	24.9998596700000000	192795.917791879600000000000000
2018-12-31	2020-09	24.9998597100000000	162512.588039243400000000000000
2018-12-31	2020-10	67.9998602100000000	626212.645905258200000000000000
2018-12-31	2020-11	201.6420828600000000	2447607.206800091400000000000000
2018-12-31	2020-12	63.6530839100000000	1227643.538249439414974000000000
2018-12-31	2021-01	54.4120358000000000	1748263.675606504000000000000000
2018-12-31	2021-02	83.7876143000000000	3893146.858551923100000000000000
2018-12-31	2021-06	21.2700564900000000	708871.852054657800000000000000
2018-12-31	2021-07	35.0998700700000000	1011797.132582154800000000000000
2018-12-31	2021-10	44.9979297400000000	2584565.439586168200000000000000
2018-12-31	2022-01	98.3989402300000000	3129986.062081739300000000000000
2018-12-31	2022-12	15.4358257300000000	202423.103249360500000000000000
2018-12-31	2023-03	90.0518335200000000	2190588.940944529800000000000000
2018-12-31	2023-04	21.6603492000000000	528309.129801012000000000000000
2018-12-31	2023-09	79.2433245600000000	1744941.677614934300000000000000
2018-12-31	2023-10	26.5753569200000000	635279.123608354400000000000000
2018-12-31	2024-04	11.3300000000000000	773159.313300000000000000000000
2018-12-31	2024-08	12.9700000000000000	712028.746100000000000000000000
2018-12-31	2024-12	31.9995000000000000	3013563.152340000000000000000000